TICKER;FECHA;APERTURA;MAXIMO;MINIMO;ULTIMO;VOLUMEN
BBVA;02/01/2017;6,263983356;6,278712899;6,18051595;6,245325936;5388636
BBVA;03/01/2017;6,284604716;6,48689043;6,25710957;6,368072122;23590000
BBVA;04/01/2017;6,387711512;6,403423024;6,239434119;6,299334258;28838270
BBVA;05/01/2017;6,267911234;6,357270458;6,242380028;6,321919556;17759670
BBVA;06/01/2017;6,33370319;6,380837725;6,259073509;6,369054092;14507210
BBVA;09/01/2017;6,387711512;6,39163939;6,274785021;6,340576976;18166650
BBVA;10/01/2017;6,347450763;6,347450763;6,229614424;6,242380028;24702540
BBVA;11/01/2017;6,215866852;6,215866852;6,010635229;6,038130374;55224040
BBVA;12/01/2017;5,99001387;6,105886269;5,926185853;6,00768932;29070110
BBVA;13/01/2017;6,048932039;6,189353675;6,02732871;6,12356172;21763310
BBVA;16/01/2017;6,053841886;6,067589459;6,000815534;6,029292649;13960500
BBVA;17/01/2017;6,009653259;6,06660749;5,981176144;6,018490985;18724000
BBVA;18/01/2017;6,048932039;6,063661581;5,983140083;6,026346741;16867260
BBVA;19/01/2017;6,054823856;6,077409154;5,978230236;6,006707351;18662790
BBVA;20/01/2017;6,02732871;6,073481276;5,99001387;6,011617198;21061270
BBVA;23/01/2017;5,962518724;6,009653259;5,901636616;5,976266297;16203840
BBVA;24/01/2017;5,999833564;6,156948682;5,983140083;6,154002774;24987260
BBVA;25/01/2017;6,235506241;6,414224688;6,225686546;6,348432732;39103490
BBVA;26/01/2017;6,404404993;6,450557559;6,271839112;6,297370319;22660080
BBVA;27/01/2017;6,289514563;6,292460472;6,16185853;6,268893204;18924580
BBVA;30/01/2017;6,223722607;6,279694868;6,185425798;6,19917337;15244890
BBVA;31/01/2017;6,209975035;6,323883495;6,157930652;6,16185853;22242570
BBVA;01/02/2017;6,304244105;6,316027739;5,990995839;6,076427184;51644040
BBVA;02/02/2017;6,039112344;6,054823856;5,955644938;6,016527046;36327780
BBVA;03/02/2017;6,058751734;6,1049043;6,009653259;6,070535368;21901320
BBVA;06/02/2017;6,10392233;6,136327323;5,99001387;6,009653259;20737360
BBVA;07/02/2017;5,99001387;6,051877947;5,941897365;5,997869626;16675620
BBVA;08/02/2017;6,044022191;6,062679612;5,809331484;5,923239945;31627020
BBVA;09/02/2017;5,9310957;5,953680999;5,847628294;5,943861304;27966480
BBVA;10/02/2017;6,006707351;6,014563107;5,842718447;5,865303745;23969400
BBVA;13/02/2017;5,89279889;5,984122053;5,837808599;5,95073509;17900620
BBVA;14/02/2017;5,961536755;6,132399445;5,927167822;6,111778086;31314020
BBVA;15/02/2017;6,245325936;6,35334258;6,235506241;6,304244105;51096870
BBVA;16/02/2017;6,284604716;6,313081831;6,167750347;6,20015534;22005150
BBVA;17/02/2017;6,208993065;6,225686546;6,067589459;6,127489598;27433820
BBVA;20/02/2017;6,183461859;6,211938974;6,119633842;6,134363384;12511180
BBVA;21/02/2017;6,109814147;6,177570042;6,034202497;6,117669903;14082380
BBVA;22/02/2017;6,118651872;6,201137309;6,004743412;6,087228849;25195180
BBVA;23/02/2017;6,105886269;6,112760055;6,003761442;6,034202497;22098750
BBVA;24/02/2017;6,048932039;6,075445215;5,898690707;5,964482663;26695930
BBVA;27/02/2017;5,980194175;6,047950069;5,97037448;6,020454924;13035920
BBVA;28/02/2017;6,043040222;6,086246879;6,004743412;6,06660749;20276260
BBVA;01/03/2017;6,107850208;6,260055479;6,10392233;6,245325936;28910840
BBVA;02/03/2017;6,247289875;6,331739251;6,197209431;6,260055479;24962420
BBVA;03/03/2017;6,255145631;6,471178918;6,225686546;6,46725104;42069050
BBVA;06/03/2017;6,436809986;6,533042996;6,413242718;6,482962552;20580210
BBVA;07/03/2017;6,473142857;6,482962552;6,411278779;6,473142857;14377580
BBVA;08/03/2017;6,480016644;6,576249653;6,457431345;6,512421637;21398800
BBVA;09/03/2017;6,488854369;6,77460749;6,487872399;6,756932039;44685710
BBVA;10/03/2017;6,772643551;6,886552011;6,69801387;6,767733703;44253760
BBVA;13/03/2017;6,77460749;6,8129043;6,688194175;6,759877947;14816610
BBVA;14/03/2017;6,77460749;6,775589459;6,650879334;6,673464632;18332260
BBVA;15/03/2017;6,670518724;6,794246879;6,670518724;6,717653259;24219390
BBVA;16/03/2017;6,85120111;6,970019417;6,806030513;6,928776699;36985860
BBVA;17/03/2017;6,958235784;7,046613037;6,928776699;6,953325936;39245960
BBVA;20/03/2017;6,915029126;7,009298197;6,893425798;6,956271845;15680500
BBVA;21/03/2017;7,034829404;7,104549237;6,959217753;6,992604716;28523570
BBVA;22/03/2017;6,935650485;7,097675451;6,844327323;7,021081831;30604770
BBVA;23/03/2017;7,040721221;7,101603329;6,976893204;7,079018031;21452800
BBVA;24/03/2017;7,059378641;7,078036061;7,005370319;7,059378641;16127960
BBVA;27/03/2017;6,939578363;7,065270458;6,916011096;7,06134258;22039090
BBVA;28/03/2017;7,08;7,157575589;7,063306519;7,134990291;19752940
BBVA;29/03/2017;7,158557559;7,183106796;6,992604716;7,053486824;23310900
BBVA;30/03/2017;7,047595007;7,085891817;6,989658807;7,08;18707980
BBVA;31/03/2017;7,050540915;7,138918169;7,012244105;7,138918169;24614740
BBVA;03/04/2017;7,146;7,162;6,935;6,946;34519400
BBVA;04/04/2017;6,949;7,01;6,847;6,982;23569680
BBVA;05/04/2017;7;7,12;6,996;7,054;27230970
BBVA;06/04/2017;6,965;7,146;6,94;7,132;24308400
BBVA;07/04/2017;7,087;7,141;7,028;7,121;18079740
BBVA;10/04/2017;7,101;7,113;7,02;7,043;16309110
BBVA;11/04/2017;6,991;7,078;6,97;7,022;20731430
BBVA;12/04/2017;7,06;7,096;6,911;6,95;22253240
BBVA;13/04/2017;6,94;6,95;6,801;6,856;21910700
BBVA;18/04/2017;6,87;6,885;6,744;6,793;20614180
BBVA;19/04/2017;6,812;6,965;6,803;6,938;18653060
BBVA;20/04/2017;6,931;7,075;6,909;7,02;24060260
BBVA;21/04/2017;7,06;7,147;6,963;7,095;33514450
BBVA;24/04/2017;7,499;7,614;7,39;7,614;66659840
BBVA;25/04/2017;7,65;7,698;7,525;7,63;35276402
BBVA;26/04/2017;7,7;7,705;7,523;7,612;26194080
BBVA;27/04/2017;7,55;7,588;7,345;7,455;34035760
BBVA;28/04/2017;7,377;7,519;7,3;7,349;31472270
BBVA;02/05/2017;7,348;7,475;7,343;7,44;16936100
BBVA;03/05/2017;7,46;7,519;7,426;7,505;18339410
BBVA;04/05/2017;7,565;7,666;7,53;7,666;25816200
BBVA;05/05/2017;7,643;7,827;7,606;7,8;27065370
BBVA;08/05/2017;7,87;7,889;7,67;7,762;21845910
BBVA;09/05/2017;7,77;7,815;7,605;7,605;22214270
BBVA;10/05/2017;7,553;7,61;7,462;7,551;24010480
BBVA;11/05/2017;7,571;7,596;7,385;7,386;27614490
BBVA;12/05/2017;7,4;7,44;7,329;7,388;23589600
BBVA;15/05/2017;7,449;7,467;7,372;7,439;12698490
BBVA;16/05/2017;7,43;7,5;7,381;7,44;13817336
BBVA;16/05/2017;7,43;7,5;7,381;7,44;13817340
BBVA;17/05/2017;7,379;7,444;7,249;7,3;22099110
BBVA;18/05/2017;7,24;7,33;7,135;7,24;30873620
BBVA;19/05/2017;7,256;7,423;7,256;7,414;24463490
BBVA;22/05/2017;7,42;7,434;7,304;7,328;16929600
BBVA;23/05/2017;7,278;7,538;7,267;7,479;19045290
BBVA;24/05/2017;7,505;7,54;7,433;7,487;9858856
BBVA;25/05/2017;7,55;7,588;7,462;7,478;11206570
BBVA;26/05/2017;7,459;7,459;7,285;7,45;17716580
BBVA;29/05/2017;7,386;7,5;7,386;7,485;9425736
BBVA;30/05/2017;7,392;7,505;7,306;7,362;27447540
BBVA;31/05/2017;7,383;7,437;7,252;7,252;27310880
BBVA;01/06/2017;7,27;7,278;7,145;7,216;26987485
BBVA;02/06/2017;7,317;7,384;7,211;7,239;20095550
BBVA;05/06/2017;7,223;7,298;7,179;7,253;10831210
BBVA;06/06/2017;7,208;7,234;7,152;7,185;19793580
BBVA;07/06/2017;7,248;7,425;7,18;7,331;29127020
BBVA;08/06/2017;7,333;7,485;7,3;7,444;20264920
BBVA;09/06/2017;7,406;7,58;7,333;7,458;19144800
BBVA;12/06/2017;7,426;7,457;7,316;7,35;20398530
BBVA;13/06/2017;7,345;7,483;7,34;7,417;14431030
BBVA;14/06/2017;7,44;7,515;7,283;7,31;18813200
BBVA;15/06/2017;7,315;7,317;7,17;7,297;26372680
BBVA;16/06/2017;7,334;7,38;7,22;7,311;44429450
SAN;02/01/2017;4,811;4,884;4,809;4,88;18613540
SAN;03/01/2017;4,89;5,068;4,886;5,001;52716530
SAN;04/01/2017;5,023;5,073;4,971;5,024;52710700
SAN;05/01/2017;5,014;5,08;4,985;5,039;34485030
SAN;06/01/2017;5,025;5,069;4,995;5,068;23341860
SAN;09/01/2017;5,07;5,08;4,999;5,01;29302000
SAN;10/01/2017;5,032;5,035;4,978;5,005;33001670
SAN;11/01/2017;5,021;5,028;4,941;4,961;43944250
SAN;12/01/2017;4,94;5,005;4,89;4,951;41246090
SAN;13/01/2017;4,972;5,05;4,941;5,038;32512670
SAN;16/01/2017;4,983;5,011;4,955;4,955;24611990
SAN;17/01/2017;4,94;5,003;4,916;4,932;31501390
SAN;18/01/2017;4,97;4,975;4,915;4,949;27098910
SAN;19/01/2017;4,978;5,025;4,926;4,977;32050920
SAN;20/01/2017;4,959;5,039;4,942;5,023;42945310
SAN;23/01/2017;4,985;4,998;4,92;4,94;31785840
SAN;24/01/2017;4,96;5,053;4,947;5,053;38282300
SAN;25/01/2017;5,16;5,324;5,15;5,261;92253400
SAN;26/01/2017;5,34;5,38;5,233;5,252;57395910
SAN;27/01/2017;5,261;5,264;5,167;5,247;36145900
SAN;30/01/2017;5,245;5,264;5,133;5,148;36969060
SAN;31/01/2017;5,145;5,239;5,094;5,094;48087220
SAN;01/02/2017;5,155;5,193;5,107;5,151;42947930
SAN;02/02/2017;5,205;5,253;5,127;5,234;44402000
SAN;03/02/2017;5,265;5,302;5,225;5,28;30964880
SAN;06/02/2017;5,26;5,303;5,135;5,167;39300000
SAN;07/02/2017;5,125;5,143;5,06;5,063;48470300
SAN;08/02/2017;5,067;5,095;4,877;4,992;64699020
SAN;09/02/2017;4,984;5,072;4,936;5,072;41176110
SAN;10/02/2017;5,093;5,108;4,955;4,986;34681520
SAN;13/02/2017;5,022;5,093;4,978;5,076;31477910
SAN;14/02/2017;5,067;5,14;5,047;5,116;26609120
SAN;15/02/2017;5,165;5,227;5,146;5,205;40657780
SAN;16/02/2017;5,195;5,215;5,13;5,152;32343300
SAN;17/02/2017;5,146;5,165;5,023;5,085;36948510
SAN;20/02/2017;5,123;5,145;5,073;5,108;26144960
SAN;21/02/2017;5,094;5,18;5,045;5,145;33909990
SAN;22/02/2017;5,168;5,192;5,019;5,048;55266100
SAN;23/02/2017;5,077;5,108;5,034;5,061;34037270
SAN;24/02/2017;5,074;5,103;4,949;4,994;44137670
SAN;27/02/2017;5,032;5,037;4,994;5,002;22284920
SAN;28/02/2017;5,05;5,115;5,012;5,099;49733510
SAN;01/03/2017;5,125;5,264;5,125;5,264;61349520
SAN;02/03/2017;5,264;5,275;5,174;5,174;48999410
SAN;03/03/2017;5,16;5,278;5,129;5,26;56523250
SAN;06/03/2017;5,22;5,28;5,205;5,229;27271160
SAN;07/03/2017;5,232;5,254;5,191;5,232;24376760
SAN;08/03/2017;5,232;5,315;5,219;5,287;41116100
SAN;09/03/2017;5,28;5,418;5,27;5,418;83980660
SAN;10/03/2017;5,405;5,53;5,375;5,435;82910190
SAN;13/03/2017;5,44;5,442;5,368;5,406;32453710
SAN;14/03/2017;5,395;5,405;5,298;5,305;41207240
SAN;15/03/2017;5,312;5,409;5,306;5,378;36168270
SAN;16/03/2017;5,455;5,601;5,446;5,58;95284270
SAN;17/03/2017;5,545;5,648;5,538;5,595;93247040
SAN;20/03/2017;5,551;5,612;5,536;5,581;28445720
SAN;21/03/2017;5,635;5,719;5,57;5,602;57855150
SAN;22/03/2017;5,547;5,673;5,477;5,626;52747330
SAN;23/03/2017;5,643;5,695;5,591;5,669;41641880
SAN;24/03/2017;5,66;5,688;5,615;5,66;32952260
SAN;27/03/2017;5,577;5,631;5,555;5,61;35029100
SAN;28/03/2017;5,655;5,705;5,614;5,705;35074040
SAN;29/03/2017;5,705;5,74;5,609;5,667;38966690
SAN;30/03/2017;5,658;5,692;5,625;5,69;33536720
SAN;31/03/2017;5,651;5,69;5,625;5,69;47082250
SAN;03/04/2017;5,691;5,691;5,569;5,59;36145540
SAN;04/04/2017;5,571;5,614;5,497;5,608;38196700
SAN;05/04/2017;5,615;5,734;5,609;5,645;46250490
SAN;06/04/2017;5,6;5,717;5,556;5,705;38696950
SAN;07/04/2017;5,645;5,725;5,645;5,72;31342330
SAN;10/04/2017;5,693;5,704;5,623;5,623;32544980
SAN;11/04/2017;5,585;5,624;5,518;5,58;40921220
SAN;12/04/2017;5,605;5,649;5,506;5,508;35643900
SAN;13/04/2017;5,509;5,509;5,378;5,432;43982200
SAN;18/04/2017;5,485;5,485;5,38;5,42;41485550
SAN;19/04/2017;5,442;5,583;5,431;5,583;53072090
SAN;20/04/2017;5,573;5,673;5,555;5,605;50049600
SAN;21/04/2017;5,618;5,675;5,546;5,615;62027780
SAN;24/04/2017;5,845;5,945;5,817;5,945;120332500
SAN;25/04/2017;6;6,09;5,951;6,04;66595599
SAN;26/04/2017;6,045;6,056;5,897;5,995;56849060
SAN;27/04/2017;6;6,01;5,925;5,942;37015040
SAN;28/04/2017;5,906;6,07;5,875;5,987;50710950
SAN;02/05/2017;6,009;6,068;6;6,056;40161630
SAN;03/05/2017;6,043;6,073;6,018;6,073;28922120
SAN;04/05/2017;6,086;6,174;6,077;6,168;51865580
SAN;05/05/2017;6,149;6,297;6,124;6,297;57695590
SAN;08/05/2017;6,325;6,35;6,162;6,265;51351840
SAN;09/05/2017;6,3;6,325;6,151;6,158;45078810
SAN;10/05/2017;6,13;6,185;6,043;6,133;39996630
SAN;11/05/2017;6,149;6,161;6,013;6,06;48689710
SAN;12/05/2017;6,05;6,096;6,007;6,028;29073710
SAN;15/05/2017;6,08;6,144;6,05;6,144;27630940
SAN;16/05/2017;6,145;6,163;6,08;6,135;29843110
SAN;16/05/2017;6,145;6,163;6,08;6,135;29843110
SAN;17/05/2017;6,094;6,139;5,941;5,958;42177230
SAN;18/05/2017;5,81;5,878;5,632;5,738;101594800
SAN;19/05/2017;5,78;5,845;5,741;5,833;57021260
SAN;22/05/2017;5,83;5,849;5,708;5,708;44505860
SAN;23/05/2017;5,699;5,855;5,676;5,839;42668790
SAN;24/05/2017;5,858;5,913;5,818;5,875;32438200
SAN;25/05/2017;5,94;5,949;5,87;5,885;23690300
SAN;26/05/2017;5,859;5,875;5,753;5,867;31759090
SAN;29/05/2017;5,835;5,886;5,823;5,864;13557350
SAN;30/05/2017;5,785;5,909;5,777;5,801;37257920
SAN;31/05/2017;5,8;5,846;5,753;5,781;51506190
SAN;01/06/2017;5,784;5,805;5,717;5,79;41900047
SAN;02/06/2017;5,863;5,918;5,776;5,82;44089060
SAN;05/06/2017;5,789;5,829;5,726;5,81;21708720
SAN;06/06/2017;5,755;5,83;5,746;5,8;33185070
SAN;07/06/2017;5,65;5,847;5,605;5,749;103109600
SAN;08/06/2017;5,716;6,05;5,71;6,05;104286300
SAN;09/06/2017;6,032;6,13;5,952;6,12;79405340
SAN;12/06/2017;6,081;6,13;6,006;6,065;53107280
SAN;13/06/2017;6,1;6,128;6,045;6,059;32119680
SAN;14/06/2017;6,074;6,109;5,912;5,93;44395230
SAN;15/06/2017;5,9;5,944;5,804;5,887;52154850
SAN;16/06/2017;5,915;5,96;5,812;5,854;71982800
ENAGAS;02/01/2017;24,125;24,465;24,125;24,465;349662
ENAGAS;03/01/2017;24,47;24,535;24,04;24,07;1235443
ENAGAS;04/01/2017;23,995;24,045;23,115;23,84;1574382
ENAGAS;05/01/2017;23,95;24,2;23,78;23,965;955657
ENAGAS;06/01/2017;23,995;24,025;23,78;23,925;807640
ENAGAS;09/01/2017;24,015;24,15;23,815;24,015;1242101
ENAGAS;10/01/2017;24,23;24,24;23,86;24,055;1699605
ENAGAS;11/01/2017;23,95;24,02;23,73;23,82;1086092
ENAGAS;12/01/2017;23,875;24,12;23,785;24,115;812739
ENAGAS;13/01/2017;24,2;24,46;24,045;24,285;758424
ENAGAS;16/01/2017;24,28;24,475;24,135;24,3;542746
ENAGAS;17/01/2017;24,23;24,43;24,08;24,255;482538
ENAGAS;18/01/2017;24,315;24,43;23,99;24,01;947734
ENAGAS;19/01/2017;23,99;23,99;23,48;23,59;1361943
ENAGAS;20/01/2017;23,5;23,645;23,22;23,32;1097845
ENAGAS;23/01/2017;23,215;23,34;22,965;23,165;1183680
ENAGAS;24/01/2017;23,095;23,14;22,85;22,96;1085094
ENAGAS;25/01/2017;23,03;23,055;22,74;22,765;1599577
ENAGAS;26/01/2017;23,065;23,09;22,75;22,75;1294131
ENAGAS;27/01/2017;22,875;22,89;22,68;22,765;1036566
ENAGAS;30/01/2017;22,8;22,855;22,65;22,68;821024
ENAGAS;31/01/2017;22,595;22,735;22,52;22,7;1550888
ENAGAS;01/02/2017;22,7;22,855;22,38;22,405;1135840
ENAGAS;02/02/2017;22,455;22,86;22,39;22,79;1317512
ENAGAS;03/02/2017;22,8;22,895;22,575;22,72;1005300
ENAGAS;06/02/2017;22,69;22,905;22,61;22,64;1186398
ENAGAS;07/02/2017;22,7;23,055;22,64;22,875;897334
ENAGAS;08/02/2017;22,94;23,15;22,75;23,15;1368101
ENAGAS;09/02/2017;23,2;23,25;23,04;23,1;1361741
ENAGAS;10/02/2017;23,1;23,24;23;23,215;1375595
ENAGAS;13/02/2017;23,275;23,42;23,105;23,325;953515
ENAGAS;14/02/2017;23,5;23,65;23,02;23,05;1202943
ENAGAS;15/02/2017;23,165;23,325;23,02;23,115;941470
ENAGAS;16/02/2017;23,15;23,425;23,07;23,425;981586
ENAGAS;17/02/2017;23,44;23,47;23,135;23,395;1001178
ENAGAS;20/02/2017;23,445;23,47;23,285;23,305;682246
ENAGAS;21/02/2017;23,2;23,215;22,91;22,935;1366742
ENAGAS;22/02/2017;22,99;23,14;22,855;22,975;1083845
ENAGAS;23/02/2017;23,04;23,24;22,92;23,215;894170
ENAGAS;24/02/2017;23,225;23,315;23,04;23,225;936813
ENAGAS;27/02/2017;23,245;23,3;22,94;23,145;1153150
ENAGAS;28/02/2017;23,22;23,35;23,05;23,195;1281428
ENAGAS;01/03/2017;23,31;23,34;23,115;23,19;1073193
ENAGAS;02/03/2017;23,19;23,36;23,1;23,36;854802
ENAGAS;03/03/2017;23,36;23,59;23,325;23,53;1052158
ENAGAS;06/03/2017;23,59;23,59;23,405;23,47;585262
ENAGAS;07/03/2017;23,47;23,47;23,21;23,365;1010845
ENAGAS;08/03/2017;23,41;23,41;23,105;23,3;957981
ENAGAS;09/03/2017;23,305;23,55;23,15;23,525;922925
ENAGAS;10/03/2017;23,6;23,71;23,28;23,285;1067785
ENAGAS;13/03/2017;23,38;23,46;23,255;23,435;748594
ENAGAS;14/03/2017;23,32;23,4;23,13;23,155;996664
ENAGAS;15/03/2017;23,215;23,325;23,09;23,175;881493
ENAGAS;16/03/2017;23,3;23,4;23,255;23,325;1281132
ENAGAS;17/03/2017;23,3;23,36;22,9;22,9;4089995
ENAGAS;20/03/2017;23,1;23,32;23,1;23,28;1138788
ENAGAS;21/03/2017;23,37;23,77;23,3;23,555;1546773
ENAGAS;22/03/2017;23,5;23,78;23,41;23,78;1114926
ENAGAS;23/03/2017;23,8;23,965;23,75;23,9;1058728
ENAGAS;24/03/2017;23,93;23,99;23,74;23,96;779265
ENAGAS;27/03/2017;23,95;24,13;23,85;24,13;923807
ENAGAS;28/03/2017;24,21;24,235;23,955;24,06;871666
ENAGAS;29/03/2017;24,12;24,175;23,835;23,99;834855
ENAGAS;30/03/2017;24,02;24,065;23,87;23,995;607685
ENAGAS;31/03/2017;24,02;24,35;23,995;24,35;1413626
ENAGAS;03/04/2017;24,385;24,4;24,105;24,235;1314718
ENAGAS;04/04/2017;24,25;24,375;24,12;24,14;1053206
ENAGAS;05/04/2017;24,285;24,395;24,195;24,205;1168579
ENAGAS;06/04/2017;24,2;24,62;24,15;24,495;1389267
ENAGAS;07/04/2017;24,45;24,54;24,365;24,49;954434
ENAGAS;10/04/2017;24,57;24,685;24,455;24,505;778533
ENAGAS;11/04/2017;24,505;24,59;24,42;24,51;1038291
ENAGAS;12/04/2017;24,485;24,91;24,165;24,9;1110577
ENAGAS;13/04/2017;24,925;24,925;24,7;24,79;547800
ENAGAS;18/04/2017;24,91;24,91;24,505;24,545;1085887
ENAGAS;19/04/2017;24,51;24,675;24,32;24,5;1160271
ENAGAS;20/04/2017;24,495;24,535;24,15;24,15;1515465
ENAGAS;21/04/2017;24,15;24,155;23,84;23,86;1270289
ENAGAS;24/04/2017;24,3;24,39;24,115;24,39;1225110
ENAGAS;25/04/2017;24,505;24,6;24,22;24,24;1345940
ENAGAS;26/04/2017;24,34;24,345;23,915;24;1395629
ENAGAS;27/04/2017;24,085;24,345;23,915;24,275;1113016
ENAGAS;28/04/2017;24,3;24,3;23,97;24,15;1203175
ENAGAS;02/05/2017;24,31;24,49;24,19;24,47;1018613
ENAGAS;03/05/2017;24,47;24,6;24,41;24,6;1014510
ENAGAS;04/05/2017;24,74;25,11;24,66;25,09;1594631
ENAGAS;05/05/2017;25,105;25,385;24,96;25,31;1846278
ENAGAS;08/05/2017;25,47;25,68;25,34;25,415;1066697
ENAGAS;09/05/2017;25,495;25,495;25,21;25,345;893830
ENAGAS;10/05/2017;25,42;25,44;25,15;25,355;1240591
ENAGAS;11/05/2017;25,3;25,34;24,96;25,055;1254042
ENAGAS;12/05/2017;25,14;25,29;24,96;25,285;783071
ENAGAS;15/05/2017;25,365;25,545;25,33;25,375;863522
ENAGAS;16/05/2017;25,195;25,4;25,01;25,4;1235955
ENAGAS;17/05/2017;25,355;25,38;25,16;25,26;982849
ENAGAS;18/05/2017;25,12;25,3;25,05;25,175;999784
ENAGAS;19/05/2017;25,115;25,7;25,105;25,7;1341911
ENAGAS;22/05/2017;25,65;25,655;25,46;25,54;787224
ENAGAS;23/05/2017;25,37;25,675;25,35;25,67;1059041
ENAGAS;24/05/2017;25,77;25,85;25,57;25,85;1043437
ENAGAS;25/05/2017;25,9;26,04;25,875;26,04;1150620
ENAGAS;26/05/2017;26;26,005;25,81;25,9;800527
ENAGAS;29/05/2017;25,97;26,08;25,815;26,065;486237
ENAGAS;30/05/2017;26,06;26,29;25,995;26,25;1144350
ENAGAS;31/05/2017;26,275;26,525;26,17;26,465;1655947
ENAGAS;01/06/2017;26,54;26,66;26,44;26,525;1116535
ENAGAS;02/06/2017;26,6;26,655;26,38;26,545;838244
ENAGAS;05/06/2017;26,66;26,66;26,38;26,38;466764
ENAGAS;06/06/2017;26,435;26,63;26,26;26,55;826643
ENAGAS;07/06/2017;26,605;26,81;26,35;26,715;1397129
ENAGAS;08/06/2017;26,75;26,75;26,45;26,48;963763
ENAGAS;09/06/2017;26,55;26,66;26,36;26,485;730714
ENAGAS;12/06/2017;26,645;26,645;26,285;26,305;898818
ENAGAS;13/06/2017;26,33;26,405;26,145;26,24;744977
ENAGAS;14/06/2017;26,245;26,405;26,145;26,145;1134930
ENAGAS;15/06/2017;26,12;26,13;25,8;26,015;1041992
ENAGAS;16/06/2017;26,015;26,325;26,015;26,325;1316355
ENDESA;02/01/2017;20,165;20,245;20,04;20,225;502221
ENDESA;03/01/2017;20,255;20,35;20,065;20,2;1380420
ENDESA;04/01/2017;20,2;20,22;19,86;19,95;1933346
ENDESA;05/01/2017;19,85;20,02;19,71;19,98;1419853
ENDESA;06/01/2017;19,95;20,05;19,935;20,045;265213
ENDESA;09/01/2017;20,1;20,14;19,975;20,03;464828
ENDESA;10/01/2017;20,1;20,21;19,63;19,685;1801857
ENDESA;11/01/2017;19,665;19,81;19,56;19,725;576277
ENDESA;12/01/2017;19,7;19,97;19,64;19,915;2005540
ENDESA;13/01/2017;19,935;19,995;19,775;19,855;1195978
ENDESA;16/01/2017;19,885;19,93;19,7;19,725;339662
ENDESA;17/01/2017;19,7;19,775;19,56;19,65;534560
ENDESA;18/01/2017;19,715;19,925;19,47;19,57;716339
ENDESA;19/01/2017;19,555;19,605;19,365;19,555;579338
ENDESA;20/01/2017;19,6;19,64;19,35;19,4;1257298
ENDESA;23/01/2017;19,38;19,405;19,205;19,21;1254776
ENDESA;24/01/2017;19,27;19,405;19,16;19,405;1615565
ENDESA;25/01/2017;19,52;19,55;19,18;19,215;2134833
ENDESA;26/01/2017;19,3;19,39;19,25;19,345;795973
ENDESA;27/01/2017;19,4;19,485;19,295;19,355;334850
ENDESA;30/01/2017;19,2;19,295;19,01;19,09;589069
ENDESA;31/01/2017;19,12;19,13;18,93;19,045;1144676
ENDESA;01/02/2017;19,165;19,29;18,875;18,95;1359751
ENDESA;02/02/2017;18,93;19,28;18,865;19,185;531521
ENDESA;03/02/2017;19,3;19,45;19,225;19,35;679808
ENDESA;06/02/2017;19,41;19,505;19,14;19,205;672490
ENDESA;07/02/2017;19,19;19,27;19,11;19,19;371151
ENDESA;08/02/2017;19,26;19,565;19,165;19,535;625756
ENDESA;09/02/2017;19,58;19,69;19,48;19,69;1265767
ENDESA;10/02/2017;19,71;19,79;19,58;19,7;662280
ENDESA;13/02/2017;19,75;19,86;19,655;19,845;368665
ENDESA;14/02/2017;19,88;19,995;19,745;19,77;1270802
ENDESA;15/02/2017;19,81;19,895;19,705;19,795;828940
ENDESA;16/02/2017;19,775;20,04;19,675;19,97;1530682
ENDESA;17/02/2017;20,03;20,07;19,875;19,95;498858
ENDESA;20/02/2017;20,07;20,085;19,89;19,935;224665
ENDESA;21/02/2017;19,93;19,935;19,705;19,755;1054413
ENDESA;22/02/2017;19,775;19,92;19,67;19,73;1180366
ENDESA;23/02/2017;19,945;19,945;19,62;19,915;1136296
ENDESA;24/02/2017;19,96;20,165;19,75;19,885;1535310
ENDESA;27/02/2017;19,955;20,015;19,81;19,97;431446
ENDESA;28/02/2017;19,995;20,11;19,89;20,095;1713182
ENDESA;01/03/2017;20,13;20,155;19,985;20,06;1074224
ENDESA;02/03/2017;20,05;20,185;19,97;20,155;1132963
ENDESA;03/03/2017;20,055;20,225;20,025;20,12;756914
ENDESA;06/03/2017;20,12;20,175;20,005;20,085;396458
ENDESA;07/03/2017;20,1;20,18;20,05;20,18;349725
ENDESA;08/03/2017;20,55;20,935;20,315;20,565;3613274
ENDESA;09/03/2017;20,55;20,745;20,385;20,655;1423888
ENDESA;10/03/2017;20,66;20,765;20,37;20,37;832261
ENDESA;13/03/2017;20,41;20,435;20,3;20,4;414016
ENDESA;14/03/2017;20,49;20,515;20,295;20,35;1037076
ENDESA;15/03/2017;20,4;20,42;20,265;20,265;859443
ENDESA;16/03/2017;20,42;20,615;20,37;20,53;1069670
ENDESA;17/03/2017;20,64;20,66;20,315;20,66;1618714
ENDESA;20/03/2017;20,665;20,71;20,545;20,64;603752
ENDESA;21/03/2017;20,72;20,76;20,555;20,675;485797
ENDESA;22/03/2017;20,61;20,92;20,61;20,69;694355
ENDESA;23/03/2017;20,715;20,98;20,6;20,98;578479
ENDESA;24/03/2017;20,93;21,13;20,88;21,145;1231127
ENDESA;27/03/2017;21,1;21,29;20,98;21,29;867095
ENDESA;28/03/2017;21,3;21,51;21,265;21,5;1172823
ENDESA;29/03/2017;21,55;21,625;21,52;21,6;479030
ENDESA;30/03/2017;21,55;21,745;21,5;21,745;374296
ENDESA;31/03/2017;21,74;22,03;21,68;22,03;1825159
ENDESA;03/04/2017;22;22,06;21,695;21,75;1397073
ENDESA;04/04/2017;21,75;22,005;21,745;21,81;1222685
ENDESA;05/04/2017;21,805;22,105;21,71;22,07;1462774
ENDESA;06/04/2017;22,03;22,135;21,9;22,115;1067948
ENDESA;07/04/2017;21,92;22,185;21,92;22,185;1035110
ENDESA;10/04/2017;22,07;22,175;21,865;22,005;834043
ENDESA;11/04/2017;22,005;22,125;21,925;21,935;526899
ENDESA;12/04/2017;21,96;22,165;21,81;22,165;837637
ENDESA;13/04/2017;22,145;22,27;22,04;22,225;320881
ENDESA;18/04/2017;22,205;22,255;21,915;21,95;945694
ENDESA;19/04/2017;21,95;21,95;21,76;21,9;416305
ENDESA;20/04/2017;21,8;22,035;21,65;21,66;484436
ENDESA;21/04/2017;21,735;21,735;21,445;21,52;1375939
ENDESA;24/04/2017;21,875;22,065;21,72;21,985;1299813
ENDESA;25/04/2017;22,015;22,015;21,835;21,96;969822
ENDESA;26/04/2017;21,975;21,975;21,64;21,71;1006518
ENDESA;27/04/2017;21,64;21,9;21,625;21,88;1094160
ENDESA;28/04/2017;21,805;21,805;21,535;21,635;1278346
ENDESA;02/05/2017;21,68;22,045;21,625;21,895;1016102
ENDESA;03/05/2017;21,82;21,95;21,78;21,92;959642
ENDESA;04/05/2017;22,04;22,52;21,955;22,45;1202314
ENDESA;05/05/2017;22,32;22,595;22,29;22,595;1168320
ENDESA;08/05/2017;22,8;22,885;22,59;22,76;719815
ENDESA;09/05/2017;22,545;22,72;21,825;21,825;2885836
ENDESA;10/05/2017;21,6;21,6;21,125;21,27;2872204
ENDESA;11/05/2017;21,35;21,35;20,795;20,875;2512476
ENDESA;12/05/2017;20,9;21,14;20,795;20,975;1495867
ENDESA;15/05/2017;21;21,06;20,74;20,88;1136552
ENDESA;16/05/2017;20,88;21,205;20,88;21,175;1492240
ENDESA;17/05/2017;21,1;21,245;20,97;21,015;833192
ENDESA;18/05/2017;21;21,14;20,9;20,995;814195
ENDESA;19/05/2017;20,97;21,42;20,93;21,24;1133283
ENDESA;22/05/2017;21,34;21,34;21,16;21,27;1004093
ENDESA;23/05/2017;21,1;21,84;21,085;21,75;1627348
ENDESA;24/05/2017;21,655;21,805;21,575;21,73;1291773
ENDESA;25/05/2017;21,85;21,92;21,665;21,87;621955
ENDESA;26/05/2017;21,785;21,925;21,615;21,925;1065899
ENDESA;29/05/2017;21,86;21,95;21,735;21,76;372506
ENDESA;30/05/2017;21,73;21,945;21,64;21,945;1103398
ENDESA;31/05/2017;21,895;22,22;21,85;22,215;1826622
ENDESA;01/06/2017;22,085;22,25;22,005;22,085;1278250
ENDESA;02/06/2017;22,135;22,245;22,015;22,045;820054
ENDESA;05/06/2017;22,075;22,295;22,005;22,13;543410
ENDESA;06/06/2017;22,115;22,49;22,085;22,415;743827
ENDESA;07/06/2017;22,415;22,58;22,21;22,39;564826
ENDESA;08/06/2017;22,495;22,585;22,225;22,28;1033921
ENDESA;09/06/2017;22,32;22,49;22,03;22,17;1490672
ENDESA;12/06/2017;22,12;22,125;21,72;21,94;473238
ENDESA;13/06/2017;21,975;22,025;21,8;21,85;1276541
ENDESA;14/06/2017;21,88;22,035;21,79;21,825;676874
ENDESA;15/06/2017;21,8;21,93;21,57;21,86;1210529
ENDESA;16/06/2017;21,93;22,17;21,87;22,065;1786275
INDITEX;02/01/2017;32,085;32,35;31,98;32,26;985183
INDITEX;03/01/2017;32,36;32,4;31,78;31,935;2401630
INDITEX;04/01/2017;31,97;31,995;31,495;31,63;2251055
INDITEX;05/01/2017;31,51;31,565;31,01;31,11;3519376
INDITEX;06/01/2017;31,14;31,425;30,975;31,335;1932146
INDITEX;09/01/2017;31,415;31,58;31,195;31,525;1658931
INDITEX;10/01/2017;31,6;31,68;31,19;31,29;1949764
INDITEX;11/01/2017;31,335;31,36;30,98;31,04;3255825
INDITEX;12/01/2017;30,96;31,38;30,82;31,28;2355735
INDITEX;13/01/2017;31,395;31,66;31,34;31,59;1708019
INDITEX;16/01/2017;31,38;31,475;31,22;31,245;1575895
INDITEX;17/01/2017;31,16;31,21;30,98;31,055;1878219
INDITEX;18/01/2017;31,105;31,305;30,98;31,01;1794351
INDITEX;19/01/2017;31,05;31,16;30,8;30,885;2114577
INDITEX;20/01/2017;30,91;31,03;30,66;30,66;2881537
INDITEX;23/01/2017;30,66;30,92;30,37;30,725;2123763
INDITEX;24/01/2017;30,835;30,87;30,455;30,68;1865973
INDITEX;25/01/2017;30,86;30,995;30,725;30,78;2399464
INDITEX;26/01/2017;30,92;30,92;30,5;30,5;2981663
INDITEX;27/01/2017;30,635;30,675;30,235;30,51;1907427
INDITEX;30/01/2017;30,5;30,5;30,21;30,305;1677462
INDITEX;31/01/2017;30,41;30,575;30,195;30,195;3312130
INDITEX;01/02/2017;30,515;30,55;30,03;30,19;3044316
INDITEX;02/02/2017;30,06;30,35;30,01;30,195;2699731
INDITEX;03/02/2017;30,305;30,435;30,175;30,385;2328642
INDITEX;06/02/2017;30,36;30,48;30,165;30,225;2292654
INDITEX;07/02/2017;30,2;30,84;30,155;30,545;2577683
INDITEX;08/02/2017;30,615;30,71;30,46;30,52;2655066
INDITEX;09/02/2017;30,605;30,86;30,46;30,78;2156744
INDITEX;10/02/2017;30,95;31,045;30,645;30,8;2280962
INDITEX;13/02/2017;30,915;31,075;30,74;30,995;1682969
INDITEX;14/02/2017;31,04;31,075;30,865;30,935;1140234
INDITEX;15/02/2017;30,96;31,06;30,795;30,995;1396251
INDITEX;16/02/2017;31,06;31,22;30,71;30,835;2222699
INDITEX;17/02/2017;30,815;30,905;30,54;30,68;1790678
INDITEX;20/02/2017;30,91;31,035;30,61;30,615;1695877
INDITEX;21/02/2017;30,7;30,725;30,57;30,675;1676238
INDITEX;22/02/2017;30,62;30,695;30,345;30,385;3077813
INDITEX;23/02/2017;30,395;30,565;30,125;30,125;2963716
INDITEX;24/02/2017;30,1;30,1;29,49;29,865;5038545
INDITEX;27/02/2017;29,985;30,085;29,61;29,61;3391699
INDITEX;28/02/2017;29,725;30,13;29,67;29,98;3365531
INDITEX;01/03/2017;30,22;30,615;30,11;30,55;3093835
INDITEX;02/03/2017;30,59;30,59;30,26;30,26;3131528
INDITEX;03/03/2017;30,26;30,405;30,155;30,29;1939151
INDITEX;06/03/2017;30,27;30,385;30,18;30,26;1696203
INDITEX;07/03/2017;30,425;30,505;30,06;30,17;2548924
INDITEX;08/03/2017;30,09;30,795;30,065;30,59;2928014
INDITEX;09/03/2017;30,74;31,335;30,685;31,24;3530308
INDITEX;10/03/2017;31,41;31,41;30,975;31,095;2975504
INDITEX;13/03/2017;31,16;31,24;30,9;30,94;1862906
INDITEX;14/03/2017;30,86;31,205;30,76;31,05;3195288
INDITEX;15/03/2017;31,31;31,345;30,21;31,065;5831591
INDITEX;16/03/2017;31,31;31,34;30,985;31,34;4289546
INDITEX;17/03/2017;31,56;31,565;31,23;31,565;8521481
INDITEX;20/03/2017;31,56;31,74;31,425;31,695;2411277
INDITEX;21/03/2017;31,745;31,995;31,52;31,665;3993453
INDITEX;22/03/2017;31,465;31,655;31,33;31,47;2813627
INDITEX;23/03/2017;31,545;32,165;31,49;32,165;3067564
INDITEX;24/03/2017;32,09;32,135;31,915;32,01;2143665
INDITEX;27/03/2017;31,81;32,215;31,735;32,215;2041090
INDITEX;28/03/2017;32,27;32,27;32;32,17;1644404
INDITEX;29/03/2017;32,325;32,365;32,1;32,345;2167467
INDITEX;30/03/2017;32,41;32,48;32,16;32,21;2370746
INDITEX;31/03/2017;32,13;32,725;32,01;32,7;3799112
INDITEX;03/04/2017;32,7;32,715;32,395;32,395;2735556
INDITEX;04/04/2017;32,395;32,735;32,26;32,715;2547552
INDITEX;05/04/2017;32,86;32,955;32,515;32,54;2309972
INDITEX;06/04/2017;32,71;33,42;32,58;33,34;3472852
INDITEX;07/04/2017;33,375;33,59;33,06;33,58;2583482
INDITEX;10/04/2017;33,45;33,66;33,29;33,51;1976789
INDITEX;11/04/2017;33,375;33,7;33,195;33,61;2690892
INDITEX;12/04/2017;33,68;33,81;33,5;33,555;2855571
INDITEX;13/04/2017;33,575;34,015;33,565;33,985;2713299
INDITEX;18/04/2017;34,16;34,26;33,66;33,83;2844226
INDITEX;19/04/2017;33,83;34,115;33,755;34,065;3606713
INDITEX;20/04/2017;33,91;34,275;33,78;33,875;3319222
INDITEX;21/04/2017;33,74;34,065;33,535;33,85;4043770
INDITEX;24/04/2017;34,775;34,895;34,505;34,675;5502923
INDITEX;25/04/2017;35,195;35,195;34,95;35,15;2290983
INDITEX;26/04/2017;34,68;34,795;34,56;34,62;2917509
INDITEX;27/04/2017;34,7;34,92;34,55;34,83;2328911
INDITEX;28/04/2017;34,865;35,23;34,765;35,21;2858628
INDITEX;02/05/2017;35,28;35,5;35,035;35,435;2500786
INDITEX;03/05/2017;35,28;35,8;35,265;35,71;2575387
INDITEX;04/05/2017;35,9;36,21;35,75;36,18;3189552
INDITEX;05/05/2017;36,22;36,365;36,085;36,315;2663979
INDITEX;08/05/2017;36,355;36,39;36,01;36,085;2741217
INDITEX;09/05/2017;36,23;36,535;36,145;36,535;2178608
INDITEX;10/05/2017;36,6;36,6;36,3;36,505;3056602
INDITEX;11/05/2017;36,55;36,57;35,71;35,85;2993049
INDITEX;12/05/2017;35,785;36,425;35,765;36,425;1955679
INDITEX;15/05/2017;36,43;36,49;36,04;36,285;1408338
INDITEX;16/05/2017;36,35;36,46;36,285;36,46;2242389
INDITEX;17/05/2017;36,375;36,455;35,9;36,005;1850016
INDITEX;18/05/2017;36,075;36,31;35,785;35,905;2462333
INDITEX;19/05/2017;35,885;36,085;35,515;35,935;2525354
INDITEX;22/05/2017;36,13;36,495;35,865;36,34;2565880
INDITEX;23/05/2017;36,335;36,65;36,14;36,175;2472926
INDITEX;24/05/2017;36,2;36,275;35,95;36,095;1485862
INDITEX;25/05/2017;36,28;36,32;35,975;35,975;1550697
INDITEX;26/05/2017;35,99;36,27;35,805;36,27;2156364
INDITEX;29/05/2017;36,26;36,265;35,925;35,975;1323824
INDITEX;30/05/2017;35,885;36,41;35,75;36,335;2290077
INDITEX;31/05/2017;36,31;36,57;36,16;36,395;3564846
INDITEX;01/06/2017;36,525;36,585;36,19;36,31;1764151
INDITEX;02/06/2017;36,6;36,83;36,58;36,665;2111342
INDITEX;05/06/2017;36,87;36,9;36,62;36,63;1677820
INDITEX;06/06/2017;36,81;36,815;36,32;36,71;749665
INDITEX;07/06/2017;36,37;36,55;36,005;36,195;2626547
INDITEX;08/06/2017;36,185;36,49;36,18;36,425;1969696
INDITEX;09/06/2017;36,58;36,745;36,265;36,405;2236769
INDITEX;12/06/2017;36,285;36,35;35,775;35,795;2448365
INDITEX;13/06/2017;35,745;36,035;35,715;35,86;1986836
INDITEX;14/06/2017;35,16;36,12;35,1;35,215;4476910
INDITEX;15/06/2017;35,15;35,2;34,54;34,97;3223049
INDITEX;16/06/2017;35,055;35,37;34,97;35,21;3583774
REPSOL;02/01/2017;12,86689144;12,98691841;12,84288604;12,98691841;2117184
REPSOL;03/01/2017;13,0349292;13,22217127;12,99652057;13,08774107;4759949
REPSOL;04/01/2017;13,11654754;13,1933648;13,02532704;13,11654754;4371583
REPSOL;05/01/2017;13,08293999;13,17896156;13,04453136;13,13575185;4606049
REPSOL;06/01/2017;13,14055293;13,17416049;13,07333783;13,15495617;2788444
REPSOL;09/01/2017;13,17416049;13,17416049;12,94850978;13,03012812;3980230
REPSOL;10/01/2017;13,1021443;13,27018206;13,03973028;13,17416049;7147261
REPSOL;11/01/2017;13,23177343;13,41901551;13,10694538;13,34699933;8403898
REPSOL;12/01/2017;13,27498314;13,65426837;13,27498314;13,47182738;6647437
REPSOL;13/01/2017;13,57745111;13,71188132;13,45742414;13,64466622;5339172
REPSOL;16/01/2017;13,56784895;13,6494673;13,48142953;13,54384356;3729180
REPSOL;17/01/2017;13,53904248;13,58705327;13,42861767;13,54384356;3410481
REPSOL;18/01/2017;13,60625759;13,64466622;13,48142953;13,56784895;3681160
REPSOL;19/01/2017;13,56784895;13,63026298;13,44782198;13,53904248;4478270
REPSOL;20/01/2017;13,53904248;13,7166824;13,51983817;13,63026298;4112537
REPSOL;23/01/2017;13,53904248;13,56784895;13,38060688;13,4430209;4995670
REPSOL;24/01/2017;13,49583277;13,56304788;13,44782198;13,51983817;4720470
REPSOL;25/01/2017;13,63986514;13,79349966;13,55344572;13,68307485;7707249
REPSOL;26/01/2017;13,73588672;13,79349966;13,57265003;13,63506406;4312028
REPSOL;27/01/2017;13,6494673;13,66867161;13,4670263;13,52944032;4552185
REPSOL;30/01/2017;13,46222522;13,46222522;13,12134862;13,2173702;5601578
REPSOL;31/01/2017;13,14055293;13,23177343;13,06373567;13,11654754;5762224
REPSOL;01/02/2017;13,20776804;13,27498314;13,05893459;13,12134862;4506581
REPSOL;02/02/2017;13,06373567;13,33739717;13,06373567;13,20296696;4804669
REPSOL;03/02/2017;13,19816588;13,4670263;13,15495617;13,36620364;4334955
REPSOL;06/02/2017;13,34699933;13,43341875;13,24617667;13,30378962;3928789
REPSOL;07/02/2017;13,20296696;13,32299393;13,06853675;13,11174646;4539498
REPSOL;08/02/2017;13,16935941;13,1933648;12,76606878;13,00132165;7585379
REPSOL;09/02/2017;13,04933243;13,20776804;12,97251517;13,17416049;4722177
REPSOL;10/02/2017;13,25577883;13,28938638;13,09254214;13,13575185;4253642
REPSOL;13/02/2017;13,20296696;13,4670263;13,18856372;13,39501011;4796393
REPSOL;14/02/2017;13,38060688;13,43341875;13,31339177;13,3758058;2985803
REPSOL;15/02/2017;13,40461227;13,4430209;13,28938638;13,37100472;3817904
REPSOL;16/02/2017;13,34699933;13,40461227;13,27978422;13,34219825;3478631
REPSOL;17/02/2017;13,27018206;13,28938638;12,9437087;13,08293999;6969858
REPSOL;20/02/2017;13,1933648;13,24137559;13,14055293;13,17416049;3435088
REPSOL;21/02/2017;13,07813891;13,41421443;13,04453136;13,24137559;5373471
REPSOL;22/02/2017;13,30859069;13,37100472;13,01572488;13,15015509;6731941
REPSOL;23/02/2017;13,31819285;13,4430209;13,17896156;13,33739717;7002632
REPSOL;24/02/2017;13,38540796;13,42861767;13,11654754;13,27018206;5936091
REPSOL;27/02/2017;13,38060688;13,38540796;13,15975725;13,24617667;4070744
REPSOL;28/02/2017;13,33739717;13,50543493;13,33739717;13,4430209;5338485
REPSOL;01/03/2017;13,51023601;13,75509103;13,51023601;13,72628456;5294867
REPSOL;02/03/2017;13,72628456;13,77909643;13,68307485;13,72628456;4001546
REPSOL;03/03/2017;13,70708024;13,79349966;13,51983817;13,72628456;4256473
REPSOL;06/03/2017;13,65426837;13,76949427;13,59665543;13,74548887;3451507
REPSOL;07/03/2017;13,76469319;13,77909643;13,65426837;13,76469319;3956539
REPSOL;08/03/2017;13,68307485;13,7406878;13,61105866;13,67347269;4794997
REPSOL;09/03/2017;13,53904248;13,64466622;13,20776804;13,51503709;12739660
REPSOL;10/03/2017;14,13437626;14,15358058;13,78869858;13,85111261;12255730
REPSOL;13/03/2017;13,875118;13,875118;13,74548887;13,83190829;5363610
REPSOL;14/03/2017;13,79830074;13,82230614;13,42861767;13,53904248;6994915
REPSOL;15/03/2017;13,6254619;13,8079029;13,61105866;13,70708024;7235079
REPSOL;16/03/2017;13,88472016;13,9903439;13,86071477;13,90872556;5976927
REPSOL;17/03/2017;13,85111261;14,03835469;13,80310182;13,98074174;7440151
REPSOL;20/03/2017;13,92792987;13,9663385;13,84631153;13,88472016;3919866
REPSOL;21/03/2017;13,92792987;14,07676332;13,85111261;13,8991234;5891807
REPSOL;22/03/2017;13,82230614;13,91832771;13,75509103;13,87991908;5819310
REPSOL;23/03/2017;13,92312879;13,97594066;13,8079029;13,97594066;3386166
REPSOL;24/03/2017;13,79830074;13,95193527;13,74548887;13,79830074;4674810
REPSOL;27/03/2017;13,68307485;13,75509103;13,61585974;13,72628456;4089080
REPSOL;28/03/2017;13,7406878;13,78389751;13,62066082;13,76469319;4772808
REPSOL;29/03/2017;13,79830074;13,82710722;13,6254619;13,81750506;4439698
REPSOL;30/03/2017;13,87031693;14,03835469;13,83670937;14,01915037;6406966
REPSOL;31/03/2017;13,92312879;14,02875253;13,83190829;13,8991234;5156203
REPSOL;03/04/2017;13,95673635;13,98074174;13,72628456;13,73588672;4058384
REPSOL;04/04/2017;13,7166824;13,82230614;13,7166824;13,81750506;5214153
REPSOL;05/04/2017;13,89432232;14,24480108;13,88952124;14,06716116;7863286
REPSOL;06/04/2017;13,93753203;14,27360755;13,92312879;14,23519892;5131277
REPSOL;07/04/2017;14,27840863;14,40323668;14,26400539;14,3984356;6238508
REPSOL;10/04/2017;14,40323668;14,46565071;14,26880647;14,34562374;3606833
REPSOL;11/04/2017;14,24480108;14,40323668;14,16318274;14,26400539;5473760
REPSOL;12/04/2017;14,35042481;14,46084963;14,21119353;14,24480108;4221719
REPSOL;13/04/2017;14,20159137;14,23519892;14,0815644;14,13437626;2853039
REPSOL;18/04/2017;14,15358058;14,20159137;13,82230614;13,82230614;6354251
REPSOL;19/04/2017;13,75509103;13,88952124;13,7166824;13,81270398;4803784
REPSOL;20/04/2017;13,73108564;13,90872556;13,69267701;13,83670937;4973758
REPSOL;21/04/2017;13,78869858;13,82710722;13,66387053;13,72628456;6769725
REPSOL;24/04/2017;14,11037087;14,15358058;14,00954821;14,09116655;6869668
REPSOL;25/04/2017;14,11517195;14,23039784;14,03835469;14,18718813;3773758
REPSOL;26/04/2017;14,18718813;14,26880647;14,11037087;14,22559676;3679031
REPSOL;27/04/2017;14,15358058;14,15838166;13,90872556;13,98074174;4880031
REPSOL;28/04/2017;14,03835469;14,04315577;13,94233311;13,95673635;4290795
REPSOL;02/05/2017;14,02395145;14,15358058;13,98074174;14,04795684;4256662
REPSOL;03/05/2017;13,99994606;14,05275792;13,91832771;13,98074174;4734686
REPSOL;04/05/2017;14,01915037;14,06716116;13,82710722;13,89432232;9148035
REPSOL;05/05/2017;13,76949427;14,04795684;13,61585974;14,00954821;9861603
REPSOL;08/05/2017;14,09596763;14,13437626;13,93753203;14,02875253;4648904
REPSOL;09/05/2017;14,13437626;14,20639245;13,90872556;14,07196224;4633858
REPSOL;10/05/2017;14,10556979;14,22559676;14,00954821;14,15358058;5188290
REPSOL;11/05/2017;14,21599461;14,29281187;14,02875253;14,09116655;5335537
REPSOL;12/05/2017;14,15358058;14,15358058;13,92792987;14,057559;4338130
REPSOL;15/05/2017;14,15358058;14,33602158;14,12957519;14,21119353;4655150
REPSOL;16/05/2017;14,24960216;14,42724208;14,22079568;14,38403237;4792154
REPSOL;16/05/2017;14,24960216;14,42724208;14,22079568;14,38403237;4792154
REPSOL;17/05/2017;14,3072151;14,38403237;14,14397842;14,21119353;4204392
REPSOL;18/05/2017;14,17758597;14,24;13,79349966;14,06236008;5836920
REPSOL;19/05/2017;14,14397842;14,31201618;14,06716116;14,24960216;4470343
REPSOL;22/05/2017;14,28801079;14,38403237;14,24;14,25440324;4068867
REPSOL;23/05/2017;14,31201618;14,51846258;14,21599461;14,48485502;6579649
REPSOL;24/05/2017;14,49925826;14,61448415;14,45604855;14,47525287;4926924
REPSOL;25/05/2017;14,58567768;14,58567768;14,28801079;14,46084963;3702874
REPSOL;26/05/2017;14,32641942;14,36482805;14,20639245;14,36002697;4489290
REPSOL;29/05/2017;14,35042481;14,45124747;14,3072151;14,41283884;1927346
REPSOL;30/05/2017;14,38403237;14,4896561;14,32641942;14,40323668;3965669
REPSOL;31/05/2017;14,38403237;14,47045179;14,31201618;14,32161834;11089180
REPSOL;01/06/2017;14,40323668;14,46084963;14,29281187;14,39363452;4230231
REPSOL;02/06/2017;14,37443021;14,43204316;14,16798382;14,23039784;6435422
REPSOL;05/06/2017;14,30241403;14,35042481;14,22079568;14,26400539;3793142
REPSOL;06/06/2017;14,3072151;14,37443021;14,24480108;14,30241403;5873827
REPSOL;07/06/2017;14,34562374;14,40323668;14,22559676;14,28801079;4843277
REPSOL;08/06/2017;14,3072151;14,34082266;14,15358058;14,26400539;5602489
REPSOL;09/06/2017;14,22079568;14,33602158;14,16798382;14,24;5204110
REPSOL;12/06/2017;14,505;14,505;14,36;14,4;6133666
REPSOL;13/06/2017;14,425;14,53;14,36;14,4;5851830
REPSOL;14/06/2017;14,42;14,455;14,1;14,135;7760706
REPSOL;15/06/2017;14,055;14,095;13,78;13,84;9042305
REPSOL;16/06/2017;13,895;13,97;13,78;13,895;6427018
